{
    "Poblacion": {
        "Nombre": "Poblacion1 JSON",
        "Responsable": "Elena",
        "nDias": 200,
        "Ratones": [
            {
                "codigoRaton": 1,
                "FechaNac": "04/11/2019",
                "Peso": 200,
                "Sexo": "M",
                "Temperatura": 40,
                "Descripcion": [
                    "Es gris",
                    "tiene los ojos rojos"
                ],
                "Cromosomas": [
                    "X",
                    "Y"
                ]
            },
            {
                "codigoRaton": 2,
                "FechaNac": "04/10/2019",
                "Peso": 178,
                "Sexo": "H",
                "Temperatura": 39,
                "Descripcion": [
                    "Es blanca",
                    "tiene los ojos rojos"
                ],
                "Cromosomas": [
                    "X",
                    "X"
                ]
            },
            {
                "codigoRaton": 3,
                "FechaNac": "04/10/2019",
                "Peso": 187,
                "Sexo": "H",
                "Temperatura": 40,
                "Descripcion": [
                    "Es blanca grisasea",
                    "tiene los ojos rojos"
                ],
                "Cromosomas": [
                    "X",
                    "XM"
                ]
            },
            {
                "codigoRaton": 4,
                "FechaNac": "29/10/2019",
                "Peso": 178,
                "Sexo": "M",
                "Temperatura": 40,
                "Descripcion": [
                    "Es gris",
                    "tiene los ojos rojos"
                ],
                "Cromosomas": [
                    "XM",
                    "Y"
                ]
            },
            {
                "codigoRaton": 5,
                "FechaNac": "04/10/2019",
                "Peso": 178,
                "Sexo": "M",
                "Temperatura": 40,
                "Descripcion": [
                    "Es gris",
                    "tiene los ojos rojos"
                ],
                "Cromosomas": [
                    "XM",
                    "YM"
                ]
            }
        ]
    }
}